,Tweet_ID,Tweet_Text,Time_Of_Tweet,Tweet_Location,User_Native,Country,Language,Category,Sub_Category,Latitude,Longitude,Nearest_Assembly_Cord,Nearest_Assembly_Name
331,331,Situation of Bangalore railway station. Inviting one more accidents on plate form no 10.  @RailMinIndia https://t.co/uSKAGOL357,10/16/2017 4:45,Bengaluru,"Chittorgarh , India",India,en,Crime,Accident,12.919037,77.373474,"12.9242,  77.5191",Rajarajeswari Nagar
2361,2361,@thekjgeorge @blrcitytraffic The very fact that we reached this state and you irresponsibly reacting to accidents i‚Ä¶ https://t.co/5smVthcnwv,10/16/2017 9:10,Bengaluru South,"Bengaluru, Karnataka, India",India,en,Crime,Accident,12.731936,77.330578,"12.9242,  77.5191",Rajarajeswari Nagar
4092,4092,it's like seeing an accident on the road and just walking away... #HarveyWeinstein https://t.co/JDcMZMjDVc,10/16/2017 15:41,Bengaluru,b'luru s. india via dubai/TOR,India,en,Crime,Accident,12.919037,77.373474,"12.9242,  77.5191",Rajarajeswari Nagar
4129,4129,"@ZeeNews Actually She was to run after accident, to escape from that she created a new story..police confirmed that",10/16/2017 15:46,Bengaluru,UAE,India,en,Crime,Accident,12.919037,77.373474,"12.9242,  77.5191",Rajarajeswari Nagar
4327,4327,"Unfortunate accident Bangalore. Gas cylinder blast ""causes"" building collapse, kills 7, many injured. Morning",10/16/2017 16:11,Bengaluru,"Bangalore, India",India,en,Crime,Accident,12.919037,77.373474,"12.9242,  77.5191",Rajarajeswari Nagar
4651,4651,J&amp;K: 5 members of a family died in a road accident in #Doda district after their car skidded off the road &amp; fell into a gorge.,10/16/2017 16:54,Bengaluru,BENGALURU,India,en,Crime,Accident,12.919037,77.373474,"12.9242,  77.5191",Rajarajeswari Nagar
13561,13560,@BBMPCOMM1 due to the potholes and poor lighting at night accidents been taking place . EPIP layout opp to Airtel o‚Ä¶ https://t.co/n3lXD47Vi8,10/24/2017 8:44,Bengaluru South,India,India,en,Crime,Accident,12.731936,77.330578,"12.9242,  77.5191",Rajarajeswari Nagar
13715,13714,"@GandharvaRani Taking accident victims to hospital is one thing I do always.
I can keep posting several such incide‚Ä¶ https://t.co/kIl6Ab4zBo",10/24/2017 9:01,Bengaluru,"Bangalore, India",India,en,Crime,Accident,12.919037,77.373474,"12.9242,  77.5191",Rajarajeswari Nagar
18213,18212,"A car accident in #Jharkhand's Nimiaghat killed Myanmar Consul General Pyi Soe, injuring his wife and two others https://t.co/4H04DaBo6D",10/27/2017 10:38,Bengaluru,BENGALURU,India,en,Crime,Accident,12.919037,77.373474,"12.9242,  77.5191",Rajarajeswari Nagar
18507,18506,"Soe (49) was returning to Kolkata from Gaya in Bihar when the accident took place on GT Road, near Galagi
https://t.co/Ozk9iwSyN4",10/27/2017 11:27,Bengaluru,India,India,en,Crime,Accident,12.919037,77.373474,"12.9242,  77.5191",Rajarajeswari Nagar
20218,20217,@rsprasad @narendramodi  Need of the hour to Nforce law tt people making videos or photos  in an accidental scene &amp;sharing shud b arrested,10/27/2017 16:06,Bengaluru,,India,en,Crime,Accident,12.919037,77.373474,"12.9242,  77.5191",Rajarajeswari Nagar
737,737,10+ ppl died in Bangalore due to potholes but not a single tweet by @JhaSanjay . This shows his sell out to Cong. Shame on such sellout ppl.,10/16/2017 5:41,India,,India,en,Crime,Pothole,6.62251,67.9976,"12.9242,  77.5191",Rajarajeswari Nagar
1614,1614,"@BBMPCOMM1  Sir,Deadly Road conditions for two wheelers. SH 35 between Sompura and Domsandra. Huge potholes,unfinished devider construction.",10/16/2017 7:36,Anekal Bangaluru,,India,en,Crime,Pothole,12.657055,77.556362,"12.8984,  77.6179",Bommana Halli
1910,1910,@TOIBengaluru As if pothole deaths wr not enough,10/16/2017 8:13,Bengaluru,,India,en,Crime,Pothole,12.919037,77.373474,"12.9242,  77.5191",Rajarajeswari Nagar
2342,2342,"No money for filling potholes,CM Karnataka spending 26CRS for unnecessary celebrations,Time to stop these exchequers money @AnanthKumar_BJP",10/16/2017 9:08,Bengaluru South,Bangalore,India,en,Crime,Pothole,12.731936,77.330578,"12.9242,  77.5191",Rajarajeswari Nagar
2572,2572,AAP ACE champions registered complaint with BBMP about potholes in their area. They are working local people and BB‚Ä¶ https://t.co/pofj6oJnsi,10/16/2017 9:44,Bengaluru,"Bengaluru, India",India,en,Crime,Pothole,12.919037,77.373474,"12.9242,  77.5191",Rajarajeswari Nagar
3719,3719,Never been to Rohtang Pass? Come #Bengaluru roads are similar! #DontLiveDefault #potholes #mudroads #madeinIndia,10/16/2017 14:48,Bengaluru,Bangaluru,India,en,Crime,Pothole,12.919037,77.373474,"12.9242,  77.5191",Rajarajeswari Nagar
7088,7088,Potholes in our cities have become as permanent as roads. If roads can be named after netas why  cannot potholes be named after them.ü§£ü§£,10/17/2017 16:16,Bengaluru,"Bengaluru South, India",India,en,Crime,Pothole,12.919037,77.373474,"12.9242,  77.5191",Rajarajeswari Nagar
9642,9642,Gold biscuit bonanza for Karnataka MLAs while 5 people die in 9 days due to pothole ridden roads of Karnataka#RahulModelFails in full action,10/18/2017 16:31,Bengaluru South,"Marattahalli, Bengaluru South",India,en,Crime,Pothole,12.731936,77.330578,"12.9242,  77.5191",Rajarajeswari Nagar
10685,10685,Some contractor has faced heavy losses filling all those potholes on convent road. #BangaloreStories,10/18/2017 18:45,Bengaluru South,Bangalore,India,en,Crime,Pothole,12.731936,77.330578,"12.9242,  77.5191",Rajarajeswari Nagar
13554,13553,"Can see some potholes being filled in #Bengaluru. But I get the feeling these are the unimportant ones, not-so-big ones, on the sides",10/24/2017 8:43,Bengaluru,Bangalore-Manipal-Gurgaon,India,en,Crime,Pothole,12.919037,77.373474,"12.9242,  77.5191",Rajarajeswari Nagar
13561,13560,@BBMPCOMM1 due to the potholes and poor lighting at night accidents been taking place . EPIP layout opp to Airtel o‚Ä¶ https://t.co/n3lXD47Vi8,10/24/2017 8:44,Bengaluru South,India,India,en,Crime,Pothole,12.731936,77.330578,"12.9242,  77.5191",Rajarajeswari Nagar
13565,13564,The massive potholes are still getting bigger everyday! I thought these should be taken up on priority! #Koramangala #HosurRoad #Bengaluru,10/24/2017 8:44,Bengaluru,Bangalore-Manipal-Gurgaon,India,en,Crime,Pothole,12.919037,77.373474,"12.9242,  77.5191",Rajarajeswari Nagar
13580,13579,"Also, some potholes are left half-filled or just filled with sand.. no tarring! Why this shoddy work #BBMP? @BlrCityPolice",10/24/2017 8:46,Bengaluru,Bangalore-Manipal-Gurgaon,India,en,Crime,Pothole,12.919037,77.373474,"12.9242,  77.5191",Rajarajeswari Nagar
14185,14184,"So what happened with October 25th deadline by congi govt to fill all pothole?  Do we all Indian want pothole, select cong govt with Pappu",10/24/2017 10:20,Bengaluru,"Kailaras, India",India,en,Crime,Pothole,12.919037,77.373474,"12.9242,  77.5191",Rajarajeswari Nagar
14538,14537,"@thekjgeorge @GOKUpdates Sir now tht rains r stopped can u initiate measures to not let potholes come bck ?
Maybe g‚Ä¶ https://t.co/GlruOjaIJQ",10/25/2017 7:32,Bengaluru South,"Bengaluru, India",India,en,Crime,Pothole,12.731936,77.330578,"12.9242,  77.5191",Rajarajeswari Nagar
15384,15383,@CTRavi_BJP He can see the potholes nor vehicles as all roads and vehicles will be blocked wherever he travels. So‚Ä¶ https://t.co/Pbk9ZxvGRt,10/25/2017 9:44,Bengaluru South,"Jaya Nagar, Bengaluru South",India,en,Crime,Pothole,12.731936,77.330578,"12.9242,  77.5191",Rajarajeswari Nagar
18491,18490,We have potholes in India to slowdown vehicles. https://t.co/JaYmNJtRwT,10/27/2017 11:24,Bengaluru South,"Bengaluru, India",India,en,Crime,Pothole,12.731936,77.330578,"12.9242,  77.5191",Rajarajeswari Nagar
18635,18634,"On a familiar route in #Bengaluru. 
All the major potholes are Fixed. 
Big Q : Why did it take 4 lives to fix ths potholes @CMofKarnataka??",10/27/2017 11:48,Bengaluru,"Bengaluru South, India",India,en,Crime,Pothole,12.919037,77.373474,"12.9242,  77.5191",Rajarajeswari Nagar
21163,21162,@indianrailway__ please look into the Carmelaram railway crossing chaos it has broken path potholes and causes massive traffic jams everyday,10/27/2017 18:58,Bengaluru South,Bengaluru,India,en,Crime,Pothole,12.731936,77.330578,"12.9242,  77.5191",Rajarajeswari Nagar
257,257,"https://t.co/7uGFf7937r
Book @UIDAI for murder. @Vidyut @Stupidosaur @NandanNilekani @mathew111938",10/16/2017 4:33,Bengaluru,Bangalore,India,en,Crime,Murder,12.919037,77.373474,"12.9242,  77.5191",Rajarajeswari Nagar
471,471,#GauriLankesh murder will remain forever  a mystery -only then the anti Modi gang can keep encashing blaming Right wing outfits,10/16/2017 5:04,Bengaluru,"Hyderabad, Bangalore India",India,en,Crime,Murder,12.919037,77.373474,"12.9242,  77.5191",Rajarajeswari Nagar
482,482,This is man who is accused of roits begining from Muzaffarnagar n inciting the murderes of Aqlaq n parter in beef e‚Ä¶ https://t.co/P0PNiQ04xZ,10/16/2017 5:05,Bengaluru,"New Delhi, Hyderabad - India",India,en,Crime,Murder,12.919037,77.373474,"12.9242,  77.5191",Rajarajeswari Nagar
1096,1096,"Pinarayi Vijayan, the prime accused in Kerala‚Äôs first political murder? https://t.co/0ckSrsphyZ",10/16/2017 6:32,Bengaluru,Bangalore,India,en,Crime,Murder,12.919037,77.373474,"12.9242,  77.5191",Rajarajeswari Nagar
1315,1315,Siddaramaiah‚Äôs SIT probing Gauri Lankesh murder came out with Innocent BJP workers sketch a crude joke on people how naive N stupid siddu,10/16/2017 7:00,Bengaluru South,Middle East,India,en,Crime,Murder,12.731936,77.330578,"12.9242,  77.5191",Rajarajeswari Nagar
3207,3207,"Gauri Lankesh murderers came wit helmet, weren't captured for any CCTVs, no eyewitness but d sketches of the culprits has Tilak on his fh!üòë",10/16/2017 11:17,Bengaluru South,"Mangalore,India",India,en,Crime,Murder,12.731936,77.330578,"12.9242,  77.5191",Rajarajeswari Nagar
4110,4110,It is said that #GauriLankesh's killers were in Bengaluru 5 days before her murder. Exclusive details emerge over t‚Ä¶ https://t.co/g4dNU0tgGo,10/16/2017 15:44,Bengaluru,BENGALURU,India,en,Crime,Murder,12.919037,77.373474,"12.9242,  77.5191",Rajarajeswari Nagar
6102,6102,We've constituted an SIT headed by DCP (investigation). Hopeful to crack the case soon: Ludhiana Police Commissioner on murder of RSS leader,10/17/2017 14:38,India,Ahmedabad,India,en,Crime,Murder,6.62251,67.9976,"12.9242,  77.5191",Rajarajeswari Nagar
6911,6911,"Mr Swamy,apt reply for a wife murderer. https://t.co/gGzienyzJV",10/17/2017 15:53,Bengaluru,"New Delhi, India",India,en,Crime,Murder,12.919037,77.373474,"12.9242,  77.5191",Rajarajeswari Nagar
7449,7449,@TimesNow our police is like a thief+ dacoit+murderer+liar and is like AIDs on India,10/17/2017 16:56,Bengaluru,"Mountain View, CA",India,en,Crime,Murder,12.919037,77.373474,"12.9242,  77.5191",Rajarajeswari Nagar
9354,9354,PM @NarendraModi becomes the 1st Prime Minister in the world to murder the largest Largest Democracy of the world. https://t.co/v7MvBOLZoh,10/18/2017 15:48,Bengaluru,Bangalore,India,en,Crime,Murder,12.919037,77.373474,"12.9242,  77.5191",Rajarajeswari Nagar
9398,9398,"You make movies rajputs, glorify bloody basted, murderer mugals, isn't this a heartbreaking and shame for Hindus https://t.co/Kj48oZpq6Y",10/18/2017 15:54,Bengaluru,"Kailaras, India",India,en,Crime,Murder,12.919037,77.373474,"12.9242,  77.5191",Rajarajeswari Nagar
11392,11391,"@tajmahalfoxtrot @scroll_in Tipu was a mass murderer. He murdered 20,000 civilians in his assault of Malabar distri‚Ä¶ https://t.co/woDdFkah0M",10/22/2017 19:08,Bengaluru South,,‡§≠‡§æ‡§∞‡§§,en,Crime,Murder,12.731936,77.330578,"12.9242,  77.5191",Rajarajeswari Nagar
12108,12107,@WhatTheFFacts Why glorify cold blooded murderous as terrorist,10/23/2017 8:36,Bengaluru,MYSURU,India,en,Crime,Murder,12.919037,77.373474,"12.9242,  77.5191",Rajarajeswari Nagar
13725,13724,"#gaurilankesh murder: Clueless! SIT shrinks to 50, hope fades
-but LEFTIST/Congress objective achieved RW orgs stan‚Ä¶ https://t.co/0BZCpMzZ4W",10/24/2017 9:03,Bengaluru,"Hyderabad, Bangalore India",India,en,Crime,Murder,12.919037,77.373474,"12.9242,  77.5191",Rajarajeswari Nagar
15722,15721,Is it a fault of script writer or Hon‚Äôble President actually believes that Tipu a mass murderer of Hindus was a Her‚Ä¶ https://t.co/3w3vttHRoD,10/25/2017 10:39,India,,India,en,Crime,Murder,6.62251,67.9976,"12.9242,  77.5191",Rajarajeswari Nagar
17547,17546,Congress sitting minister in Karnataka is murder accused named in dying statement... still murderer accomplish‚Ä¶ https://t.co/mtj4Le72XC,10/26/2017 14:54,Bengaluru,Bharat,India,en,Crime,Murder,12.919037,77.373474,"12.9242,  77.5191",Rajarajeswari Nagar
17660,17659,Sir @VTankha ji... your sitting minister in Karnataka is murder accused named in dying statement... any comment???‚Ä¶ https://t.co/ae17GtIsbq,10/26/2017 15:09,Bengaluru,Bharat,India,en,Crime,Murder,12.919037,77.373474,"12.9242,  77.5191",Rajarajeswari Nagar
17738,17737,Gearge accused number A1 in CBI report on Police Officer Ganapati's murder / suicide Case?,10/26/2017 15:22,Bengaluru,"Karnataka, India",India,en,Crime,Murder,12.919037,77.373474,"12.9242,  77.5191",Rajarajeswari Nagar
21495,21494,#Kerala  HC rejected anticipatory bail plea of advocate CP Udayabhanu in  connection with the a real estate broker murder case at Chalakudy,10/31/2017 7:12,India,Ahmedabad,India,en,Crime,Murder,6.62251,67.9976,"12.9242,  77.5191",Rajarajeswari Nagar
21581,21580,Oh is @iamsrk murderer in #Ittefaq I think I should watch movie on 1st day 1st show b4 I see some more trollsüòÇ‚Ä¶ https://t.co/DPCBU2eoc0,10/31/2017 7:25,Bengaluru South,Bangalore India,India,en,Crime,Murder,12.731936,77.330578,"12.9242,  77.5191",Rajarajeswari Nagar
21788,21787,@karanjohar I'll say whz murderer wt if @akshaykumar says if @BeingSalmanKhan ask to nt reveal den I'll keep quite‚Ä¶ https://t.co/0ZKrAy2oAr,10/31/2017 7:57,Bengaluru South,Bangalore India,India,en,Crime,Murder,12.731936,77.330578,"12.9242,  77.5191",Rajarajeswari Nagar
2455,2455,"This video, made me to keep my chocolate to secure, beware of theft. #ChocolatyRobbery https://t.co/IxkPRTuwRp  https://t.co/LtnwUb3JDJ",10/16/2017 9:27,Bengaluru,Bangalore,India,en,Crime,Theft,12.919037,77.373474,"12.9242,  77.5191",Rajarajeswari Nagar
576,576,Death toll rises to 6 in Ejipura blast in #Bengaluru. 4 bodies recovered &amp; search for 2 more bodies underway‚Ä¶ https://t.co/MXgPrDI7FI,10/16/2017 5:19,Bengaluru,BENGALURU,India,en,Crime,Blast,12.919037,77.373474,"12.9242,  77.5191",Rajarajeswari Nagar
607,607,Death toll rises to 6 in Ejipura cylinder blast in #Bengaluru. 4 bodies recovered &amp; search for 2 more bodies underw‚Ä¶ https://t.co/s454mYuubV,10/16/2017 5:23,Bengaluru,BENGALURU,India,en,Crime,Blast,12.919037,77.373474,"12.9242,  77.5191",Rajarajeswari Nagar
652,652,Death toll rises to 5 in Ejipura cylinder blast in #Bengaluru. 4 bodies recovered &amp; search for 2 more bodies underw‚Ä¶ https://t.co/A6KbsLhsE5,10/16/2017 5:30,Bengaluru,BENGALURU,India,en,Crime,Blast,12.919037,77.373474,"12.9242,  77.5191",Rajarajeswari Nagar
2214,2214,Forensic team visits building collapse site at Ejipura. The team is collecting samples from the blast site.‚Ä¶ https://t.co/32J1CyKnjd,10/16/2017 8:47,Bengaluru,BENGALURU,India,en,Crime,Blast,12.919037,77.373474,"12.9242,  77.5191",Rajarajeswari Nagar
2772,2772,BBC News - Somalia attack: Death toll rises in Mogadishu blast to over 270. https://t.co/oUG91JIyV8,10/16/2017 10:15,Karnataka,"New Delhi, Hyderabad - India",India,en,Crime,Blast,11.582378,74.050963,"12.9242,  77.5191",Rajarajeswari Nagar
4327,4327,"Unfortunate accident Bangalore. Gas cylinder blast ""causes"" building collapse, kills 7, many injured. Morning",10/16/2017 16:11,Bengaluru,"Bangalore, India",India,en,Crime,Blast,12.919037,77.373474,"12.9242,  77.5191",Rajarajeswari Nagar
5209,5209,#HelloDiwali    ready for the blast??,10/16/2017 18:56,India,"Bhubaneshwar, Orissa",India,en,Crime,Blast,6.62251,67.9976,"12.9242,  77.5191",Rajarajeswari Nagar
7724,7724,#HimachalPradesh : One dead after a cylinder blast at a food joint in #Shimla's Baba Market.,10/17/2017 17:31,Bengaluru,BENGALURU,India,en,Crime,Blast,12.919037,77.373474,"12.9242,  77.5191",Rajarajeswari Nagar
7890,7890,@SrikarNTR Ah bomb blast episode teesesthe manchi cinema babai,10/17/2017 17:53,Bengaluru South,Guntur (AP) - Bangalore (KA),India,et,Crime,Blast,12.731936,77.330578,"12.9242,  77.5191",Rajarajeswari Nagar
7990,7990,"#MostAwaitedFilmof2017..
Now its no more..As JukeBox blasts,Hope the same at boxoffice tooüòä
#Mersal
#MersalDiwali‚Ä¶ https://t.co/wOC8gyVhv0",10/17/2017 18:10,Andhra Pradesh,,India,en,Crime,Blast,2.62234,76.7608,"12.8984,  77.6179",Bommana Halli
8608,8608,@KicchaSudeep happy deepawali Sudeep Anna. Have a blast... Your loving fan.,10/18/2017 14:01,Bengaluru South,"Vidyaranya Pura, Bengaluru",India,en,Crime,Blast,12.731936,77.330578,"12.9242,  77.5191",Rajarajeswari Nagar
12127,12126,"@sivaramkrish13 @BCCI Yes agree  but 1 big exception, @ABdeVilliers17 blast after SA won the toss n elected to bat‚Ä¶ https://t.co/8TSAhmPzR5",10/23/2017 8:39,Bengaluru South,"Bengaluru, India",India,en,Crime,Blast,12.731936,77.330578,"12.9242,  77.5191",Rajarajeswari Nagar
15408,15407,"Vijay 62 - conform with AR murugadhas 
BJP plzzz...üôè  Take   &amp; make a another block blaster üòÇüòÇüòÇ
#Thalapathy62 https://t.co/pEwZjOHJYf",10/25/2017 9:48,Tamil Nadu,Chennai ,India,en,Crime,Blast,8.077,76.23,"12.9242,  77.5191",Rajarajeswari Nagar
21259,21258,"""Yanthara lokapu sundarive"" on 1st hearing  üëåüëåüëåüëçüëçüëç
Mind blasting on earphones
@arrahman instruments over the top...this song enough
#2Point0",10/27/2017 19:38,Bengaluru South,India,India,en,Crime,Blast,12.731936,77.330578,"12.9242,  77.5191",Rajarajeswari Nagar
22882,22881,Prayers for victims of boiler blast at #NTPC power plant in Raebareli,11/1/2017 13:30,Bengaluru South,"Bengaluru, India",India,en,Crime,Blast,12.731936,77.330578,"12.9242,  77.5191",Rajarajeswari Nagar
22980,22979,@MirrorNow Broiler is chicken. Boiler blast. Noticing mistakes on the ticker also @fayedsouza,11/1/2017 13:40,Bengaluru,Bangalore,India,en,Crime,Blast,12.919037,77.373474,"12.9242,  77.5191",Rajarajeswari Nagar
42,42,"4 people killed in building collapse after cylinder explosion at Ejipura in #Bengaluru, more details awaited. https://t.co/4WNIGZiCUD",10/16/2017 4:03,Bengaluru,BENGALURU,India,en,Crime,Explosion,12.919037,77.373474,"12.9242,  77.5191",Rajarajeswari Nagar
70,70,"4 people killed in building collapse after cylinder explosion at Ejipura in #Bengaluru, more details awaited. https://t.co/Sek2bPWUsn",10/16/2017 4:07,Bengaluru,BENGALURU,India,en,Crime,Explosion,12.919037,77.373474,"12.9242,  77.5191",Rajarajeswari Nagar
9835,9835,"#Odisha CM @Naveen_Odisha announces ex-gratia of Rs 2 lakh for kin of deceased and Rs 50,000 for those injured in #Balasore explosion.",10/18/2017 16:55,Bengaluru,BENGALURU,India,en,Crime,Explosion,12.919037,77.373474,"12.9242,  77.5191",Rajarajeswari Nagar
10307,10307,Bot loses eyesight due to crackers explosion LR Nagar in #Adugodi. Patient is rushed to Minto Hospital for treatment https://t.co/UddgksXCUe,10/18/2017 17:47,Bengaluru,BENGALURU,India,en,Crime,Explosion,12.919037,77.373474,"12.9242,  77.5191",Rajarajeswari Nagar
10612,10612,Boy loses eyesight due to crackers explosion LR Nagar in #Adugodi. Patient is rushed to Minto Hospital for treatment https://t.co/aGH61zpdfA,10/18/2017 18:29,Bengaluru,BENGALURU,India,en,Crime,Explosion,12.919037,77.373474,"12.9242,  77.5191",Rajarajeswari Nagar
182,182,@TheAsianAgeNews And Tillerson wl say Pakistan is doing a good job 2 eliminate terror. Whom do you believe USA and/Or China?,10/16/2017 4:24,Bengaluru,,India,en,Crime,Terror,12.919037,77.373474,"12.9242,  77.5191",Rajarajeswari Nagar
999,999,"@YusufDFI He's right. Rest of us are disposables.We get killed by pot holes, drown in sewers, targeted by terrorist‚Ä¶ https://t.co/7TA0Vpo1R2",10/16/2017 6:19,Bengaluru South,Bangalore,India,en,Crime,Terror,12.731936,77.330578,"12.9242,  77.5191",Rajarajeswari Nagar
1092,1092,"A Hindu Mutt Swamini attends a rally organized by Islamic terror linked PFI- speaks out agnst PM, Cows https://t.co/Bof4e6t2xs",10/16/2017 6:32,Bengaluru,Bangalore,India,en,Crime,Terror,12.919037,77.373474,"12.9242,  77.5191",Rajarajeswari Nagar
2418,2418,@TimesNow Its a great job by the security forces to have captured 3 terrorists,10/16/2017 9:15,Bengaluru,,India,en,Crime,Terror,12.919037,77.373474,"12.9242,  77.5191",Rajarajeswari Nagar
4253,4253,Nandini shud hv known that Karnataka is ruled by Congress who appease Muslims and terrorists. Police is good for nothing,10/16/2017 16:02,Bengaluru,,India,en,Crime,Terror,12.919037,77.373474,"12.9242,  77.5191",Rajarajeswari Nagar
4658,4658,@terror_studies @Il_Post_Censura @CivilWarMap Well Russia could bring in Iranian's and Iraqi's to do the fighting,10/16/2017 16:54,Bengaluru,Delhi,India,en,Crime,Terror,12.919037,77.373474,"12.9242,  77.5191",Rajarajeswari Nagar
4879,4879,3 terrorists fired &amp; killed former Sarpanch Ramzan Sheikh in #Shopian. In the scuffle a terrorist Shaukat was also‚Ä¶ https://t.co/Uuc7mqwp76,10/16/2017 17:26,Bengaluru,BENGALURU,India,en,Crime,Terror,12.919037,77.373474,"12.9242,  77.5191",Rajarajeswari Nagar
6204,6204,Delhi court discharges Maulana Anzar Shah in terror case. Let's make a big positive news @TimesNow @timesofindia @abpnewstv @aajtak,10/17/2017 14:48,Bengaluru,Gulbarga,India,en,Crime,Terror,12.919037,77.373474,"12.9242,  77.5191",Rajarajeswari Nagar
8802,8802,US and India stand shoulder to shoulder against terrorism: @Secy_State_US https://t.co/rlsAYZtZK0,10/18/2017 14:31,Bengaluru,BENGALURU,India,en,Crime,Terror,12.919037,77.373474,"12.9242,  77.5191",Rajarajeswari Nagar
10598,10598,"Don't worry , our brave forces would take these terrorists down. üáÆüá≥üáÆüá≥üáÆüá≥ love you üòò Army = my husband https://t.co/jbjPKIKjTY",10/18/2017 18:27,Bengaluru,bangalore,India,en,Crime,Terror,12.919037,77.373474,"12.9242,  77.5191",Rajarajeswari Nagar
12108,12107,@WhatTheFFacts Why glorify cold blooded murderous as terrorist,10/23/2017 8:36,Bengaluru,MYSURU,India,en,Crime,Terror,12.919037,77.373474,"12.9242,  77.5191",Rajarajeswari Nagar
12362,12361,#CongressForAll terrorist related queries contact congress. https://t.co/coEN0qiHQF,10/23/2017 9:14,Bengaluru,Bengaluru,India,en,Crime,Terror,12.919037,77.373474,"12.9242,  77.5191",Rajarajeswari Nagar
12848,12847,"@abhilash1313 @prakashraaj go and see in Kashmir, world wide who is killing whom? who is spreading terror? Ok, no p‚Ä¶ https://t.co/39aC9SzmpI",10/24/2017 6:59,Bengaluru,"Bengaluru South, India",India,en,Crime,Terror,12.919037,77.373474,"12.9242,  77.5191",Rajarajeswari Nagar
14878,14877,@TimesNow Perhaps the US has understood Pak's dirty game of promoting terror!,10/25/2017 8:25,Bengaluru,,India,en,Crime,Terror,12.919037,77.373474,"12.9242,  77.5191",Rajarajeswari Nagar
14945,14944,@TimesNow Army has to firmly deal with local and Pak terrorists.It has nothing to do with interlocutor!,10/25/2017 8:34,Bengaluru,,India,en,Crime,Terror,12.919037,77.373474,"12.9242,  77.5191",Rajarajeswari Nagar
15185,15184,"Prime Minister Narendra Modi and Ashraf Ghani discuss range of issues, resolve to end terror‚Ä¶ https://t.co/gxiEOkRjM1",10/25/2017 9:10,Bengaluru,"Bengaluru, India",India,en,Crime,Terror,12.919037,77.373474,"12.9242,  77.5191",Rajarajeswari Nagar
15602,15601,"Let's pray for the victims of terrorist attack and ask for a peaceful world. 

#RIP #wewantpeace #worldpeace‚Ä¶ https://t.co/bOD4BJBaJP",10/25/2017 10:18,India,"Kolkata, India",India,en,Crime,Terror,6.62251,67.9976,"12.9242,  77.5191",Rajarajeswari Nagar
17647,17646,Most shameful incident.... conspiracy to defame India as tourist attraction by Islamic terrorists / seculars will b‚Ä¶ https://t.co/dHaKe9hHKH,10/26/2017 15:08,Bengaluru,Bharat,India,en,Crime,Terror,12.919037,77.373474,"12.9242,  77.5191",Rajarajeswari Nagar
19715,19714,"'If #Pakistan fails to act against terrorists, #US will get it done in a different way'

https://t.co/3jfazrdfFm",10/27/2017 14:48,Bengaluru,India,India,en,Crime,Terror,12.919037,77.373474,"12.9242,  77.5191",Rajarajeswari Nagar
19722,19721,"'If Pakistan fails to act against terrorists, US will get it done in a different way'
https://t.co/WmeoChUcdK",10/27/2017 14:49,Bengaluru,"Bengaluru, India",India,en,Crime,Terror,12.919037,77.373474,"12.9242,  77.5191",Rajarajeswari Nagar
19751,19750,@CNNnews18 Strike at Pakistan to destroy terror camps.,10/27/2017 14:54,Bengaluru,,India,en,Crime,Terror,12.919037,77.373474,"12.9242,  77.5191",Rajarajeswari Nagar
20541,20540,"Indian Army kill real terrorists coming from Pakistan, and here these jokers are going gung-ho after killing Mosqui‚Ä¶ https://t.co/K1h76AVPdg",10/27/2017 16:46,Bengaluru,‡§∞‡§Æ‡§§‡§æ ‡§ú‡§æ‡•á‡§ó‡•Ä ‡§¨‡§π‡§§‡§æ ‡§™‡§æ‡§®‡•Ä ,India,en,Crime,Terror,12.919037,77.373474,"12.9242,  77.5191",Rajarajeswari Nagar
20640,20639,Terrorists neither‚Äôve any religion nor they are the believer of any ideology!Don‚Äôt politicise #Gujarat in the name of terrorism! @ahmedpatel,10/27/2017 17:01,India,Delhi | Uttar Pradesh | Odisha ,India,en,Crime,Terror,6.62251,67.9976,"12.9242,  77.5191",Rajarajeswari Nagar
20770,20769,"Press Conference video.,Shocking new!ISIS terrorist nabbed in Surat,was an employee at Ahmed Patel‚Äôs hospital.‚Ä¶ https://t.co/A0oHaqFCri",10/27/2017 17:22,Bengaluru South,"Raja Rajeshwari Nagar, Bengaluru South",India,en,Crime,Terror,12.731936,77.330578,"12.9242,  77.5191",Rajarajeswari Nagar
21169,21168,"#ArrestAhmedMiya jiske ghar seese k bane hote hai woh dusro k ghar par pathar nei fekteüòÉ, üòÇUlti chor kothwal ko daatein  #terrorism #goback",10/27/2017 19:00,India,india,India,hi,Crime,Terror,6.62251,67.9976,"12.9242,  77.5191",Rajarajeswari Nagar
21222,21221,"@ZeeNews @aajtak @ravishndtv @OfficeOfRG @ahmedpatel.who is here @sudhirchaudhary,d how escape  2ISIS terrorist in‚Ä¶ https://t.co/ZQIeJA8gyw",10/27/2017 19:21,India,"Shakarpur Khas, New Delhi",India,en,Crime,Terror,6.62251,67.9976,"12.9242,  77.5191",Rajarajeswari Nagar
22685,22684,@FoxNews @LindseyGrahamSC Now is not the time to talk about terrorism. People just died. Stop politicising this attack.,11/1/2017 13:12,Bengaluru,"Washington, DC",India,en,Crime,Terror,12.919037,77.373474,"12.9242,  77.5191",Rajarajeswari Nagar
22938,22937,"@perfectperfec19 @ICC Kyun hajam nahin hui mauka mauka.Allah Allah karke duniya ko terror hi de rahe ho,Kyun Allah‚Ä¶ https://t.co/8zzxNxc8Ks",11/1/2017 13:35,Bengaluru,"Bengaluru, India",India,hi,Crime,Terror,12.919037,77.373474,"12.9242,  77.5191",Rajarajeswari Nagar
474,474,Karnataka: Animal rights activist alleges mob assault https://t.co/0MzTViUK1W via @IndianExpress,10/16/2017 5:04,Bengaluru,Bangalore,India,en,Crime,Assault,12.919037,77.373474,"12.9242,  77.5191",Rajarajeswari Nagar
834,834,"A woman from the majority community is brutally assaulted by a mob from the minority community&amp;they say we are intolerant
#HinduWomanLynched",10/16/2017 5:56,Bengaluru,Bangalore,India,en,Crime,Assault,12.919037,77.373474,"12.9242,  77.5191",Rajarajeswari Nagar
1780,1780,"CM @siddaramaiah reacts to the techie assault, says no one can take law into their hands, action will be taken agai‚Ä¶ https://t.co/AA0wdxgVfC",10/16/2017 7:58,Bengaluru,BENGALURU,India,en,Crime,Assault,12.919037,77.373474,"12.9242,  77.5191",Rajarajeswari Nagar
1786,1786,Hand in gloves. SHO wud ve informed d goons in advance to ensure she was assaulted. https://t.co/UFDGfv5byb,10/16/2017 7:59,Bengaluru,"India,Bangalore",India,en,Crime,Assault,12.919037,77.373474,"12.9242,  77.5191",Rajarajeswari Nagar
2143,2143,Talaghattapura Police Inspector who colluded wt illegal cow slaughters to assault activists Nandini.@gsiddaramaiah suspend him immd.HM fails,10/16/2017 8:40,Bengaluru,"India,Bangalore",India,en,Crime,Assault,12.919037,77.373474,"12.9242,  77.5191",Rajarajeswari Nagar
2677,2677,I've never been assaulted and I don't know the pain....but I'm willing to take a stand for it. #MeToo,10/16/2017 10:01,India,"Bhubaneshwar, India",India,en,Crime,Assault,6.62251,67.9976,"12.9242,  77.5191",Rajarajeswari Nagar
3144,3144,"This guy tweets on this issue, but not one tweet of support for Nandini, the techie from Bangalore, who got assault‚Ä¶ https://t.co/4uJeFQSn5b",10/16/2017 11:09,Bengaluru South,"Bengaluru South, India",India,en,Crime,Assault,12.731936,77.330578,"12.9242,  77.5191",Rajarajeswari Nagar
4231,4231,"All u girls out there who have gone thru a sexual assault, time to speak up and take a stand. No matter how you reacted or even if you dint.",10/16/2017 16:00,Bengaluru,Al Ain,India,en,Crime,Assault,12.919037,77.373474,"12.9242,  77.5191",Rajarajeswari Nagar
4243,4243,"To all men who are saying ""it happens with men too"":
Do you think by saying this you will justify assaults? 

#MeToo",10/16/2017 16:01,Bengaluru South,"Bengaluru, India",India,en,Crime,Assault,12.731936,77.330578,"12.9242,  77.5191",Rajarajeswari Nagar
5807,5807,Cow protection activists were assaulted in MS Palya. The activists had exposed an illegal slaughter house in the ar‚Ä¶ https://t.co/Eo8TyfdFO5,10/17/2017 14:04,Bengaluru,BENGALURU,India,en,Crime,Assault,12.919037,77.373474,"12.9242,  77.5191",Rajarajeswari Nagar
7068,7068,Kashmiri was the part of #UndividedIndia and tom dick Harry will be assaulted if they don‚Äôt wanna follow the consti‚Ä¶ https://t.co/UIJJkdmqEJ,10/17/2017 16:12,India,India,India,en,Crime,Assault,6.62251,67.9976,"12.9242,  77.5191",Rajarajeswari Nagar
8282,8282,"No woman, man or child is to blame for being sexually harassed or assaulted #NotEver #Fin #TheEnd #Dassit #GTFO‚Ä¶ https://t.co/DznFccdKtF",10/17/2017 18:56,Bengaluru,"Bangalore, India",India,en,Crime,Assault,12.919037,77.373474,"12.9242,  77.5191",Rajarajeswari Nagar
11392,11391,"@tajmahalfoxtrot @scroll_in Tipu was a mass murderer. He murdered 20,000 civilians in his assault of Malabar distri‚Ä¶ https://t.co/woDdFkah0M",10/22/2017 19:08,Bengaluru South,,‡§≠‡§æ‡§∞‡§§,en,Crime,Assault,12.731936,77.330578,"12.9242,  77.5191",Rajarajeswari Nagar
17428,17427,"People who can't love fellow countrymen, you are expecting them to love and accept Swedish couples. An assault on Indian values. #Incredible",10/26/2017 14:38,Bengaluru South,,India,en,Crime,Assault,12.731936,77.330578,"12.9242,  77.5191",Rajarajeswari Nagar
7355,7355,@BlrCityPolice called 100 today to report on a purse snatching incident near myhome. It‚Äôs been two hours now &amp; only response rcvd-CFS885195,10/17/2017 16:43,JP Nagar,Bangalore ,India,en,Crime,Snatching,12.879852,77.569619,"12.9156,  77.5568",Padmanaba Nagar
4820,4820,"Mam you were trying to snatch hafta from the pockets of cops, how cud they allow that. So informed illegal slaughte‚Ä¶ https://t.co/uF3RBgZJ15",10/16/2017 17:18,Bengaluru,,India,en,,Snatch,12.919037,77.373474,"12.9242,  77.5191",Rajarajeswari Nagar
7355,7355,@BlrCityPolice called 100 today to report on a purse snatching incident near myhome. It‚Äôs been two hours now &amp; only response rcvd-CFS885195,10/17/2017 16:43,JP Nagar,Bangalore ,India,en,,Snatch,12.879852,77.569619,"12.9156,  77.5568",Padmanaba Nagar
